BKK,HKG,PG
BKK,HKT,PG
BKK,KBV,PG
BKK,LPQ,PG
BKK,LPT,PG
BKK,MLE,PG
BKK,PNH,PG
BKK,REP,PG
BKK,RGN,PG
BKK,SIN,PG
BKK,TDX,PG
BKK,THS,PG
BKK,USM,PG
BKK,UTP,PG
CNX,HKG,PG
CNX,HKT,PG
CNX,KBV,PG
CNX,LPQ,PG
CNX,MLE,PG
CNX,PNH,PG
CNX,REP,PG
CNX,RGN,PG
CNX,SIN,PG
CNX,TDX,PG
CNX,USM,PG
CNX,UTP,PG
HKG,CNX,PG
HKG,HKT,PG
HKG,KBV,PG
HKG,LPQ,PG
HKG,LPT,PG
HKG,MLE,PG
HKG,PNH,PG
HKG,REP,PG
HKG,RGN,PG
HKG,TDX,PG
HKG,THS,PG
HKG,USM,PG
HKG,UTP,PG
HKT,CNX,PG
HKT,HKG,PG
HKT,LPQ,PG
HKT,MLE,PG
HKT,PNH,PG
HKT,REP,PG
HKT,RGN,PG
HKT,SIN,PG
HKT,TDX,PG
HKT,THS,PG
HKT,USM,PG
HKT,UTP,PG
KBV,LPQ,PG
KBV,MLE,PG
KBV,PNH,PG
KBV,REP,PG
KBV,RGN,PG
KBV,SIN,PG
KBV,USM,PG
KBV,UTP,PG
LPQ,CNX,PG
LPQ,HKG,PG
LPQ,HKT,PG
LPQ,MLE,PG
LPQ,PNH,PG
LPQ,REP,PG
LPQ,TDX,PG
LPQ,THS,PG
LPQ,USM,PG
LPQ,UTP,PG
LPT,HKT,PG
LPT,KBV,PG
LPT,MLE,PG
LPT,PNH,PG
LPT,REP,PG
LPT,SIN,PG
LPT,TDX,PG
LPT,THS,PG
LPT,USM,PG
LPT,UTP,PG
MLE,CNX,PG
MLE,HKG,PG
MLE,HKT,PG
MLE,KBV,PG
MLE,LPQ,PG
MLE,LPT,PG
MLE,PNH,PG
MLE,REP,PG
MLE,RGN,PG
MLE,SIN,PG
MLE,TDX,PG
MLE,THS,PG
MLE,USM,PG
MLE,UTP,PG
PNH,CNX,PG
PNH,HKG,PG
PNH,HKT,PG
PNH,KBV,PG
PNH,LPQ,PG
PNH,LPT,PG
PNH,MLE,PG
PNH,REP,PG
PNH,RGN,PG
PNH,SIN,PG
PNH,TDX,PG
PNH,THS,PG
PNH,USM,PG
PNH,UTP,PG
REP,CNX,PG
REP,HKG,PG
REP,HKT,PG
REP,KBV,PG
REP,LPQ,PG
REP,LPT,PG
REP,MLE,PG
REP,PNH,PG
REP,RGN,PG
REP,SIN,PG
REP,TDX,PG
REP,THS,PG
REP,USM,PG
REP,UTP,PG
RGN,CNX,PG
RGN,HKT,PG
RGN,MLE,PG
RGN,PNH,PG
RGN,REP,PG
RGN,SIN,PG
RGN,TDX,PG
RGN,THS,PG
RGN,USM,PG
RGN,UTP,PG
SIN,CNX,PG
SIN,HKT,PG
SIN,LPQ,PG
SIN,LPT,PG
SIN,PNH,PG
SIN,REP,PG
SIN,RGN,PG
SIN,TDX,PG
SIN,THS,PG
SIN,USM,PG
SIN,UTP,PG
TDX,CNX,PG
TDX,HKG,PG
TDX,HKT,PG
TDX,LPQ,PG
TDX,MLE,PG
TDX,PNH,PG
TDX,REP,PG
TDX,RGN,PG
TDX,SIN,PG
TDX,THS,PG
TDX,USM,PG
TDX,UTP,PG
THS,HKT,PG
THS,LPT,PG
THS,MLE,PG
THS,PNH,PG
THS,REP,PG
THS,SIN,PG
THS,TDX,PG
THS,USM,PG
THS,UTP,PG
USM,CNX,PG
USM,HKG,PG
USM,HKT,PG
USM,KBV,PG
USM,LPQ,PG
USM,MLE,PG
USM,PNH,PG
USM,REP,PG
USM,RGN,PG
USM,SIN,PG
USM,TDX,PG
USM,THS,PG
USM,UTP,PG
UTP,CNX,PG
UTP,HKG,PG
UTP,HKT,PG
UTP,KBV,PG
UTP,LPQ,PG
UTP,LPT,PG
UTP,MLE,PG
UTP,PNH,PG
UTP,REP,PG
UTP,RGN,PG
UTP,SIN,PG
UTP,TDX,PG
UTP,THS,PG
UTP,USM,PG
