BKK,HKG,PGPG
BKK,USM,PGPG
BKK,KBV,PGPG
BKK,LPQ,PGPG
BKK,MLE,PGPG
BKK,PNH,PGPG
BKK,HKT,PGPG
BKK,REP,PGPG
BKK,SIN,PGPG
BKK,THS,PGPG
BKK,TDX,PGPG
BKK,RGN,PGPG
BKK,LPT,PGPG
BKK,UTP,PGPG
BKK,HKG,PGPG
BKK,USM,PGPG
BKK,KBV,PGPG
BKK,LPQ,PGPG
BKK,MLE,PGPG
BKK,PNH,PGPG
BKK,HKT,PGPG
BKK,REP,PGPG
BKK,SIN,PGPG
BKK,THS,PGPG
BKK,TDX,PGPG
BKK,RGN,PGPG
BKK,LPT,PGPG
BKK,UTP,PGPG
CNX,HKG,PGPG
CNX,USM,PGPG
CNX,KBV,PGPG
CNX,LPQ,PGPG
CNX,MLE,PGPG
CNX,PNH,PGPG
CNX,HKT,PGPG
CNX,REP,PGPG
CNX,SIN,PGPG
CNX,TDX,PGPG
CNX,RGN,PGPG
CNX,UTP,PGPG
HKG,CNX,PGPG
HKG,USM,PGPG
HKG,KBV,PGPG
HKG,LPQ,PGPG
HKG,MLE,PGPG
HKG,PNH,PGPG
HKG,HKT,PGPG
HKG,REP,PGPG
HKG,THS,PGPG
HKG,TDX,PGPG
HKG,RGN,PGPG
HKG,LPT,PGPG
HKG,UTP,PGPG
USM,CNX,PGPG
USM,HKG,PGPG
USM,KBV,PGPG
USM,LPQ,PGPG
USM,MLE,PGPG
USM,PNH,PGPG
USM,HKT,PGPG
USM,REP,PGPG
USM,SIN,PGPG
USM,THS,PGPG
USM,TDX,PGPG
USM,RGN,PGPG
USM,UTP,PGPG
KBV,USM,PGPG
KBV,LPQ,PGPG
KBV,MLE,PGPG
KBV,PNH,PGPG
KBV,REP,PGPG
KBV,SIN,PGPG
KBV,RGN,PGPG
KBV,UTP,PGPG
LPQ,CNX,PGPG
LPQ,HKG,PGPG
LPQ,USM,PGPG
LPQ,MLE,PGPG
LPQ,PNH,PGPG
LPQ,HKT,PGPG
LPQ,REP,PGPG
LPQ,THS,PGPG
LPQ,TDX,PGPG
LPQ,UTP,PGPG
MLE,CNX,PGPG
MLE,HKG,PGPG
MLE,USM,PGPG
MLE,KBV,PGPG
MLE,LPQ,PGPG
MLE,PNH,PGPG
MLE,HKT,PGPG
MLE,REP,PGPG
MLE,SIN,PGPG
MLE,THS,PGPG
MLE,TDX,PGPG
MLE,RGN,PGPG
MLE,LPT,PGPG
MLE,UTP,PGPG
PNH,CNX,PGPG
PNH,HKG,PGPG
PNH,USM,PGPG
PNH,KBV,PGPG
PNH,LPQ,PGPG
PNH,MLE,PGPG
PNH,HKT,PGPG
PNH,REP,PGPG
PNH,SIN,PGPG
PNH,THS,PGPG
PNH,TDX,PGPG
PNH,RGN,PGPG
PNH,LPT,PGPG
PNH,UTP,PGPG
HKT,CNX,PGPG
HKT,HKG,PGPG
HKT,USM,PGPG
HKT,LPQ,PGPG
HKT,MLE,PGPG
HKT,PNH,PGPG
HKT,REP,PGPG
HKT,SIN,PGPG
HKT,THS,PGPG
HKT,TDX,PGPG
HKT,RGN,PGPG
HKT,UTP,PGPG
REP,CNX,PGPG
REP,HKG,PGPG
REP,USM,PGPG
REP,KBV,PGPG
REP,LPQ,PGPG
REP,MLE,PGPG
REP,PNH,PGPG
REP,HKT,PGPG
REP,SIN,PGPG
REP,THS,PGPG
REP,TDX,PGPG
REP,RGN,PGPG
REP,LPT,PGPG
REP,UTP,PGPG
SIN,CNX,PGPG
SIN,USM,PGPG
SIN,LPQ,PGPG
SIN,PNH,PGPG
SIN,HKT,PGPG
SIN,REP,PGPG
SIN,THS,PGPG
SIN,TDX,PGPG
SIN,RGN,PGPG
SIN,LPT,PGPG
SIN,UTP,PGPG
THS,USM,PGPG
THS,MLE,PGPG
THS,PNH,PGPG
THS,HKT,PGPG
THS,REP,PGPG
THS,SIN,PGPG
THS,TDX,PGPG
THS,LPT,PGPG
THS,UTP,PGPG
TDX,CNX,PGPG
TDX,HKG,PGPG
TDX,USM,PGPG
TDX,LPQ,PGPG
TDX,MLE,PGPG
TDX,PNH,PGPG
TDX,HKT,PGPG
TDX,REP,PGPG
TDX,SIN,PGPG
TDX,THS,PGPG
TDX,RGN,PGPG
TDX,UTP,PGPG
RGN,CNX,PGPG
RGN,USM,PGPG
RGN,MLE,PGPG
RGN,PNH,PGPG
RGN,HKT,PGPG
RGN,REP,PGPG
RGN,SIN,PGPG
RGN,THS,PGPG
RGN,TDX,PGPG
RGN,UTP,PGPG
LPT,USM,PGPG
LPT,KBV,PGPG
LPT,MLE,PGPG
LPT,PNH,PGPG
LPT,HKT,PGPG
LPT,REP,PGPG
LPT,SIN,PGPG
LPT,THS,PGPG
LPT,TDX,PGPG
LPT,UTP,PGPG
UTP,CNX,PGPG
UTP,HKG,PGPG
UTP,USM,PGPG
UTP,KBV,PGPG
UTP,LPQ,PGPG
UTP,MLE,PGPG
UTP,PNH,PGPG
UTP,HKT,PGPG
UTP,REP,PGPG
UTP,SIN,PGPG
UTP,THS,PGPG
UTP,TDX,PGPG
UTP,RGN,PGPG
UTP,LPT,PGPG
